1001,name,mailid@yaho.com

1002,asdf,asdf@asdf.asdf

1003,asdfasdf,asdfasfasdf@asdf.asdf.asdf

1004,asdfasdfasdfasdf,asdfsfasdfsdfdf@asdf.asdfsfd

1005,asdfasfdasfasfasfdasf,asdfsafsfsfsdfsdf@sadfasdf.as
1,asdfasdfasfdasdfasfa,asdfsfsafsafdsd@asdfsadf.asdfs
1006,asdfasdfasdfasdf,asdfasdfqwerqw@asdf.asdf

1007,asdfasdfasdfqwerwer,werwreqwr@safadf.sadfsfdg

1008,asdfasdfasfaf,asdfsdfasdfsadf@dsfgsdfg.sdfgsdg

1009,asdfafd,asf@sadf.asdf

1010,mubin,rupa@asdf.asdf

1011,qwer,swer@sdfa.asdf

1012,asdf,asdf@asdf.ad

1013,asfd,asf@asdf.asdf

1014,asdf,asdf@ata.adsf

1015,mubin,shafi@gmail.com

1016,asdfdsf,as@sd.com.co

1017,name,mailid@hi.com

1018,namehi,namhi@gh.com

1019,fg,hjdg@jfb
0
1020,hfg,hfgh@jg.fbg.hf

1021,name,mailid@hcl.com

1022,asdf,asdfasf@sdf

1023,asdf,asdf@asdf

1024,asdf,asdf@dasd

1025,asdf,asdf@dsgsd.com

1026,asdf,asdfasdf@asdf

1027,asdf,mubinasdf@retery

1028,asdfasdf,wewrt@wrtw

1029,asdf,asdf12@asdgf.asdf

1030,asdf,qwer23@sdf

1031,hgf,sfh@kmdg.kf

1032,namw,wer12@dfdf

1033,asdf,asdf@asdf.com

1034,dsdf,1dfg@fd.com

1035,jhf,hsfghj@fjh.com

1036,asdf,1asdf@gasd.com

1037,asdf,2sdfg@asdf.com

1038,asdf,5sdfg@asdfg.com

1039,asf,3asdf@asdf.com

1040,asdf,4adsf@asf.com

1041,asf,5asdf@asdf.com

1042,asdf,6asdf@asdf.com

1043,asdf,9sdfg@af.com

1044,asdf,9asdf@asg.com

1045,asdf,4adsf@asdf.com

1046,Asdf,3qsdfa@asdf.com

1047,Asdf,asdf55@sfg.com

1048,name,mailid@gmail.com

1049,name,mailid@ji.com

1050,name,mailid@kl.com

1051,namy,maili_3@dno.com

1052,namy,mai34@asdf.com

1053,sdfg,sdfgsdfg@sdf.com

